<datapower-configuration version="3">
	<export-details>
		<description>Exported Configuration</description>
		<user>#user#</user>
		<domain>#domain#</domain>
		<comment/>
		<product-id>843652X</product-id>
		<product>IDG</product>
		<display-product>IDG</display-product>
		<model>IBM DataPower Gateway</model>
		<display-model>IBM DataPower Gateway</display-model>
		<device-name>DataPower_UAT_TC</device-name>
		<serial-number>7802741</serial-number>
		<firmware-version>IDG.7.6.0.12hm</firmware-version>
		<display-firmware-version>IDG.7.6.0.12hm</display-firmware-version>
		<firmware-build>306046hm</firmware-build>
		<firmware-timestamp>2019/01/26 18:09:26</firmware-timestamp>
		<current-date>#currentDate#</current-date>
		<current-time>#currentTime#</current-time>
	</export-details>
	<configuration domain="#domain#">
		<XMLManager name="#serviceName#" xmlns:env="http://www.w3.org/2003/05/soap-envelope" xmlns:dp="http://www.datapower.com/schemas/management">
			<mAdminState>enabled</mAdminState>
			<CacheSize>256</CacheSize>
			<SHA1Caching>on</SHA1Caching>
			<StaticDocumentCalls>on</StaticDocumentCalls>
			<SearchResults>on</SearchResults>
			<SupportTxWarn>off</SupportTxWarn>
			<Memoization>on</Memoization>
			<ParserLimitsBytesScanned>4194304</ParserLimitsBytesScanned>
			<ParserLimitsElementDepth>512</ParserLimitsElementDepth>
			<ParserLimitsAttributeCount>128</ParserLimitsAttributeCount>
			<ParserLimitsMaxNodeSize>33554432</ParserLimitsMaxNodeSize>
			<ParserLimitsForbidExternalReferences>on</ParserLimitsForbidExternalReferences>
			<ParserLimitsExternalReferences>forbid</ParserLimitsExternalReferences>
			<ParserLimitsMaxPrefixes>1024</ParserLimitsMaxPrefixes>
			<ParserLimitsMaxNamespaces>1024</ParserLimitsMaxNamespaces>
			<ParserLimitsMaxLocalNames>60000</ParserLimitsMaxLocalNames>
			<DocCacheMaxDocs>5000</DocCacheMaxDocs>
			<DocCacheSize>0</DocCacheSize>
			<DocMaxWrites>32768</DocMaxWrites>
			<UserAgent class="HTTPUserAgent">default</UserAgent>
		</XMLManager>
		<WSEndpointRewritePolicy name="#serviceName#" xmlns:env="http://www.w3.org/2003/05/soap-envelope" xmlns:dp="http://www.datapower.com/schemas/management">
			<mAdminState>enabled</mAdminState>
			<WSEndpointLocalRewriteRule>
				<ServicePortMatchRegexp>^{#namespace#}#serviceName#Port$</ServicePortMatchRegexp>
				<LocalEndpointProtocol>default</LocalEndpointProtocol>
				<LocalEndpointHostname>0.0.0.0</LocalEndpointHostname>
				<LocalEndpointPort>0</LocalEndpointPort>
				<LocalEndpointURI>#context#</LocalEndpointURI>
				<FrontProtocol class="HTTPSSourceProtocolHandler">#httpsFrontSideHandler#</FrontProtocol>
				<UseFrontProtocol>on</UseFrontProtocol>
				<WSDLBindingProtocol>soap-11</WSDLBindingProtocol>
				<FrontsidePortSuffix/>
			</WSEndpointLocalRewriteRule>
			<WSEndpointRemoteRewriteRule>
				<ServicePortMatchRegexp>^{#namespace#}#serviceName#Port$</ServicePortMatchRegexp>
				<RemoteEndpointProtocol>#protocol#</RemoteEndpointProtocol>
				<RemoteEndpointHostname>#remoteHost#</RemoteEndpointHostname>
				<RemoteEndpointPort>#remotePort#</RemoteEndpointPort>
				<RemoteEndpointURI>#remoteURI#</RemoteEndpointURI>
				<RemoteMQQM/>
				<RemoteTibcoEMS/>
				<RemoteWebSphereJMS/>
			</WSEndpointRemoteRewriteRule>
		</WSEndpointRewritePolicy>
		<Matching xmlns:dp="http://www.datapower.com/schemas/management" xmlns:env="http://www.w3.org/2003/05/soap-envelope" name="#serviceName#_match_all">
			<mAdminState>enabled</mAdminState>
			<MatchRules>
				<Type>url</Type>
				<HttpTag/>
				<HttpValue/>
				<Url>*</Url>
				<ErrorCode/>
				<XPATHExpression/>
				<Method>default</Method>
				<CustomMethod/>
			</MatchRules>
			<MatchWithPCRE>off</MatchWithPCRE>
			<CombineWithOr>off</CombineWithOr>
		</Matching>
		<SLMPolicy name="#serviceName#" xmlns:env="http://www.w3.org/2003/05/soap-envelope" xmlns:dp="http://www.datapower.com/schemas/management">
			<mAdminState>enabled</mAdminState>
			<ExecutionPolicy>execute-all-statements</ExecutionPolicy>
			<Statement>
				<SLMId>1</SLMId>
				<UserString>Auto Generated</UserString>
				<CredClass/>
				<RsrcClass/>
				<Schedule/>
				<Action class="SLMAction">throttle</Action>
				<ThreshIntervalLength>1</ThreshIntervalLength>
				<ThreshIntervalType>fixed</ThreshIntervalType>
				<ThreshAlgorithm>greater-than</ThreshAlgorithm>
				<ThresholdType>count-all</ThresholdType>
				<ThresholdLevel>#slmThresholdLevel#</ThresholdLevel>
				<ReleaseThresholdLevel>0</ReleaseThresholdLevel>
				<BurstLimit>0</BurstLimit>
				<ReportingAggregationInterval>0</ReportingAggregationInterval>
				<MaximumTotalReportingRecords>5000</MaximumTotalReportingRecords>
				<AutoGeneratedByWebGUI>on</AutoGeneratedByWebGUI>
				<MaximumResourcesAndCredentialsForThreshold>5000</MaximumResourcesAndCredentialsForThreshold>
			</Statement>
			<APIMgmt>off</APIMgmt>
		</SLMPolicy>
		<StylePolicyAction name="#serviceName#.request-rule_defaultaction_slm" xmlns:env="http://www.w3.org/2003/05/soap-envelope" xmlns:dp="http://www.datapower.com/schemas/management">
			<mAdminState>enabled</mAdminState>
			<Type>slm</Type>
			<Input>INPUT</Input>
			<ParseSettingsReference>
				<URL/>
				<Literal/>
				<Default/>
			</ParseSettingsReference>
			<ParseMetricsResultType>none</ParseMetricsResultType>
			<TransformLanguage>none</TransformLanguage>
			<ActionDebug persisted="false">off</ActionDebug>
			<Output>NULL</Output>
			<NamedInOutLocationType>default</NamedInOutLocationType>
			<SSLClientConfigType>proxy</SSLClientConfigType>
			<Transactional>off</Transactional>
			<SLMPolicy>#serviceName#</SLMPolicy>
			<SOAPValidation>body</SOAPValidation>
			<SQLSourceType>static</SQLSourceType>
			<JWSVerifyStripSignature>on</JWSVerifyStripSignature>
			<Asynchronous>off</Asynchronous>
			<ResultsMode>first-available</ResultsMode>
			<RetryCount>0</RetryCount>
			<RetryInterval>1000</RetryInterval>
			<MultipleOutputs>off</MultipleOutputs>
			<IteratorType>XPATH</IteratorType>
			<Timeout>0</Timeout>
			<MethodRewriteType>GET</MethodRewriteType>
			<MethodType>POST</MethodType>
			<MethodType2>POST</MethodType2>
		</StylePolicyAction>
		<StylePolicyAction name="#serviceName#.request-rule_aaa_0" xmlns:env="http://www.w3.org/2003/05/soap-envelope" xmlns:dp="http://www.datapower.com/schemas/management">
			<mAdminState>enabled</mAdminState>
			<Type>aaa</Type>
			<Input>INPUT</Input>
			<ParseSettingsReference>
				<URL/>
				<Literal/>
				<Default/>
			</ParseSettingsReference>
			<ParseMetricsResultType>none</ParseMetricsResultType>
			<TransformLanguage>none</TransformLanguage>
			<ActionDebug persisted="false">off</ActionDebug>
			<Output>request.client</Output>
			<NamedInOutLocationType>default</NamedInOutLocationType>
			<AAA class="AAAPolicy">commons.aaa</AAA>
			<SSLClientConfigType>proxy</SSLClientConfigType>
			<Transactional>off</Transactional>
			<SOAPValidation>body</SOAPValidation>
			<SQLSourceType>static</SQLSourceType>
			<JWSVerifyStripSignature>on</JWSVerifyStripSignature>
			<Asynchronous>off</Asynchronous>
			<ResultsMode>first-available</ResultsMode>
			<RetryCount>0</RetryCount>
			<RetryInterval>1000</RetryInterval>
			<MultipleOutputs>off</MultipleOutputs>
			<IteratorType>XPATH</IteratorType>
			<Timeout>0</Timeout>
			<MethodRewriteType>GET</MethodRewriteType>
			<MethodType>POST</MethodType>
			<MethodType2>POST</MethodType2>
		</StylePolicyAction>
		<StylePolicyAction name="#serviceName#.request-rule_xform_21" xmlns:env="http://www.w3.org/2003/05/soap-envelope" xmlns:dp="http://www.datapower.com/schemas/management">
			<mAdminState>enabled</mAdminState>
			<Type>xform</Type>
			<Input>request.client</Input>
			<Transform>local:///commons/xsl/set_context_variables.xsl</Transform>
			<ParseSettingsReference>
				<URL/>
				<Literal/>
				<Default/>
			</ParseSettingsReference>
			<ParseMetricsResultType>none</ParseMetricsResultType>
			<TransformLanguage>none</TransformLanguage>
			<ActionDebug persisted="false">off</ActionDebug>
			<Output>NULL</Output>
			<NamedInOutLocationType>default</NamedInOutLocationType>
			<SSLClientConfigType>proxy</SSLClientConfigType>
			<OutputType>default</OutputType>
			<Transactional>off</Transactional>
			<SOAPValidation>body</SOAPValidation>
			<SQLSourceType>static</SQLSourceType>
			<JWSVerifyStripSignature>on</JWSVerifyStripSignature>
			<Asynchronous>off</Asynchronous>
			<ResultsMode>first-available</ResultsMode>
			<RetryCount>0</RetryCount>
			<RetryInterval>1000</RetryInterval>
			<MultipleOutputs>off</MultipleOutputs>
			<IteratorType>XPATH</IteratorType>
			<Timeout>0</Timeout>
			<MethodRewriteType>GET</MethodRewriteType>
			<MethodType>POST</MethodType>
			<MethodType2>POST</MethodType2>
		</StylePolicyAction>
		<StylePolicyAction name="#serviceName#.request-rule_xform_0" xmlns:env="http://www.w3.org/2003/05/soap-envelope" xmlns:dp="http://www.datapower.com/schemas/management">
			<mAdminState>enabled</mAdminState>
			<Type>xform</Type>
			<Input>request.client</Input>
			<Transform>local:///commons/xsl/audit_client_msgs_dp.xsl</Transform>
			<ParseSettingsReference>
				<URL/>
				<Literal/>
				<Default/>
			</ParseSettingsReference>
			<ParseMetricsResultType>none</ParseMetricsResultType>
			<TransformLanguage>none</TransformLanguage>
			<ActionDebug persisted="false">off</ActionDebug>
			<Output>NULL</Output>
			<NamedInOutLocationType>default</NamedInOutLocationType>
			<SSLClientConfigType>proxy</SSLClientConfigType>
			<OutputType>default</OutputType>
			<Transactional>off</Transactional>
			<SOAPValidation>body</SOAPValidation>
			<SQLSourceType>static</SQLSourceType>
			<JWSVerifyStripSignature>on</JWSVerifyStripSignature>
			<Asynchronous>off</Asynchronous>
			<ResultsMode>first-available</ResultsMode>
			<RetryCount>0</RetryCount>
			<RetryInterval>1000</RetryInterval>
			<MultipleOutputs>off</MultipleOutputs>
			<IteratorType>XPATH</IteratorType>
			<Timeout>0</Timeout>
			<MethodRewriteType>GET</MethodRewriteType>
			<MethodType>POST</MethodType>
			<MethodType2>POST</MethodType2>
		</StylePolicyAction>
		<StylePolicyAction name="#serviceName#.request_xform_0" xmlns:env="http://www.w3.org/2003/05/soap-envelope" xmlns:dp="http://www.datapower.com/schemas/management">
			<mAdminState>enabled</mAdminState>
			<Type>xform</Type>
			<Input>INPUT</Input>
			<Transform>local:///services/#serviceName#/xsl/#serviceName#_request.xsl</Transform>
			<ParseSettingsReference>
				<URL/>
				<Literal/>
				<Default/>
			</ParseSettingsReference>
			<ParseMetricsResultType>none</ParseMetricsResultType>
			<TransformLanguage>none</TransformLanguage>
			<ActionDebug persisted="false">off</ActionDebug>
			<Output>OUTPUT</Output>
			<NamedInOutLocationType>default</NamedInOutLocationType>
			<SSLClientConfigType>proxy</SSLClientConfigType>
			<OutputType>default</OutputType>
			<Transactional>off</Transactional>
			<SOAPValidation>body</SOAPValidation>
			<SQLSourceType>static</SQLSourceType>
			<JWSVerifyStripSignature>on</JWSVerifyStripSignature>
			<Asynchronous>off</Asynchronous>
			<ResultsMode>first-available</ResultsMode>
			<RetryCount>0</RetryCount>
			<RetryInterval>1000</RetryInterval>
			<MultipleOutputs>off</MultipleOutputs>
			<IteratorType>XPATH</IteratorType>
			<Timeout>0</Timeout>
			<MethodRewriteType>GET</MethodRewriteType>
			<MethodType>POST</MethodType>
			<MethodType2>POST</MethodType2>
		</StylePolicyAction>
		<StylePolicyRule name="#serviceName#.request" xmlns:env="http://www.w3.org/2003/05/soap-envelope" xmlns:dp="http://www.datapower.com/schemas/management">
			<mAdminState>enabled</mAdminState>
			<Direction>request-rule</Direction>
			<InputFormat>none</InputFormat>
			<OutputFormat>none</OutputFormat>
			<NonXMLProcessing>off</NonXMLProcessing>
			<Unprocessed>off</Unprocessed>
			<Actions class="StylePolicyAction">#serviceName#.request_xform_0</Actions>
		</StylePolicyRule>
		<StylePolicyAction name="#serviceName#.request-rule_call_0" xmlns:env="http://www.w3.org/2003/05/soap-envelope" xmlns:dp="http://www.datapower.com/schemas/management">
			<mAdminState>enabled</mAdminState>
			<Type>call</Type>
			<Input>request.client</Input>
			<ParseSettingsReference>
				<URL/>
				<Literal/>
				<Default/>
			</ParseSettingsReference>
			<ParseMetricsResultType>none</ParseMetricsResultType>
			<TransformLanguage>none</TransformLanguage>
			<ActionDebug persisted="false">off</ActionDebug>
			<Output>request.backend</Output>
			<NamedInOutLocationType>default</NamedInOutLocationType>
			<SSLClientConfigType>proxy</SSLClientConfigType>
			<Rule>#serviceName#.request</Rule>
			<Transactional>off</Transactional>
			<SOAPValidation>body</SOAPValidation>
			<SQLSourceType>static</SQLSourceType>
			<JWSVerifyStripSignature>on</JWSVerifyStripSignature>
			<Asynchronous>off</Asynchronous>
			<ResultsMode>first-available</ResultsMode>
			<RetryCount>0</RetryCount>
			<RetryInterval>1000</RetryInterval>
			<MultipleOutputs>off</MultipleOutputs>
			<IteratorType>XPATH</IteratorType>
			<Timeout>0</Timeout>
			<MethodRewriteType>GET</MethodRewriteType>
			<MethodType>POST</MethodType>
			<MethodType2>POST</MethodType2>
		</StylePolicyAction>
		<StylePolicyAction name="#serviceName#.request-rule_xform_23" xmlns:env="http://www.w3.org/2003/05/soap-envelope" xmlns:dp="http://www.datapower.com/schemas/management">
			<mAdminState>enabled</mAdminState>
			<Type>xform</Type>
			<Input>NULL</Input>
			<Transform>local:///commons/xsl/set_context_variables.xsl</Transform>
			<ParseSettingsReference>
				<URL/>
				<Literal/>
				<Default/>
			</ParseSettingsReference>
			<ParseMetricsResultType>none</ParseMetricsResultType>
			<TransformLanguage>none</TransformLanguage>
			<ActionDebug persisted="false">off</ActionDebug>
			<Output>NULL</Output>
			<NamedInOutLocationType>default</NamedInOutLocationType>
			<SSLClientConfigType>proxy</SSLClientConfigType>
			<OutputType>default</OutputType>
			<Transactional>off</Transactional>
			<SOAPValidation>body</SOAPValidation>
			<SQLSourceType>static</SQLSourceType>
			<JWSVerifyStripSignature>on</JWSVerifyStripSignature>
			<Asynchronous>off</Asynchronous>
			<ResultsMode>first-available</ResultsMode>
			<RetryCount>0</RetryCount>
			<RetryInterval>1000</RetryInterval>
			<MultipleOutputs>off</MultipleOutputs>
			<IteratorType>XPATH</IteratorType>
			<Timeout>0</Timeout>
			<MethodRewriteType>GET</MethodRewriteType>
			<MethodType>POST</MethodType>
			<MethodType2>POST</MethodType2>
		</StylePolicyAction>
		<StylePolicyAction name="#serviceName#.request-rule_xform_1" xmlns:env="http://www.w3.org/2003/05/soap-envelope" xmlns:dp="http://www.datapower.com/schemas/management">
			<mAdminState>enabled</mAdminState>
			<Type>xform</Type>
			<Input>request.backend</Input>
			<Transform>local:///commons/xsl/audit_backend_xml_msgs_dp.xsl</Transform>
			<ParseSettingsReference>
				<URL/>
				<Literal/>
				<Default/>
			</ParseSettingsReference>
			<ParseMetricsResultType>none</ParseMetricsResultType>
			<TransformLanguage>none</TransformLanguage>
			<ActionDebug persisted="false">off</ActionDebug>
			<Output>NULL</Output>
			<NamedInOutLocationType>default</NamedInOutLocationType>
			<SSLClientConfigType>proxy</SSLClientConfigType>
			<OutputType>default</OutputType>
			<Transactional>off</Transactional>
			<SOAPValidation>body</SOAPValidation>
			<SQLSourceType>static</SQLSourceType>
			<JWSVerifyStripSignature>on</JWSVerifyStripSignature>
			<Asynchronous>on</Asynchronous>
			<ResultsMode>first-available</ResultsMode>
			<RetryCount>0</RetryCount>
			<RetryInterval>1000</RetryInterval>
			<MultipleOutputs>off</MultipleOutputs>
			<IteratorType>XPATH</IteratorType>
			<Timeout>0</Timeout>
			<MethodRewriteType>GET</MethodRewriteType>
			<MethodType>POST</MethodType>
			<MethodType2>POST</MethodType2>
		</StylePolicyAction>
		<StylePolicyAction name="#serviceName#.request-rule_defaultaction_result" xmlns:env="http://www.w3.org/2003/05/soap-envelope" xmlns:dp="http://www.datapower.com/schemas/management">
			<mAdminState>enabled</mAdminState>
			<Type>results</Type>
			<Input>request.backend</Input>
			<ParseSettingsReference>
				<URL/>
				<Literal/>
				<Default/>
			</ParseSettingsReference>
			<ParseMetricsResultType>none</ParseMetricsResultType>
			<TransformLanguage>none</TransformLanguage>
			<ActionDebug persisted="false">off</ActionDebug>
			<Output>OUTPUT</Output>
			<NamedInOutLocationType>default</NamedInOutLocationType>
			<SSLClientConfigType>proxy</SSLClientConfigType>
			<OutputType>default</OutputType>
			<Transactional>off</Transactional>
			<SOAPValidation>body</SOAPValidation>
			<SQLSourceType>static</SQLSourceType>
			<JWSVerifyStripSignature>on</JWSVerifyStripSignature>
			<Asynchronous>off</Asynchronous>
			<ResultsMode>first-available</ResultsMode>
			<RetryCount>0</RetryCount>
			<RetryInterval>1000</RetryInterval>
			<MultipleOutputs>off</MultipleOutputs>
			<IteratorType>XPATH</IteratorType>
			<Timeout>0</Timeout>
			<MethodRewriteType>GET</MethodRewriteType>
			<MethodType>POST</MethodType>
			<MethodType2>POST</MethodType2>
		</StylePolicyAction>
		<WSStylePolicyRule name="#serviceName#.request-rule" xmlns:env="http://www.w3.org/2003/05/soap-envelope" xmlns:dp="http://www.datapower.com/schemas/management">
			<mAdminState>enabled</mAdminState>
			<Direction>request-rule</Direction>
			<InputFormat>none</InputFormat>
			<OutputFormat>none</OutputFormat>
			<NonXMLProcessing>off</NonXMLProcessing>
			<Unprocessed>off</Unprocessed>
			<Actions class="StylePolicyAction">#serviceName#.request-rule_defaultaction_slm</Actions>
			<Actions class="StylePolicyAction">#serviceName#.request-rule_aaa_0</Actions>
			<Actions class="StylePolicyAction">#serviceName#.request-rule_xform_21</Actions>
			<Actions class="StylePolicyAction">#serviceName#.request-rule_xform_0</Actions>
			<Actions class="StylePolicyAction">#serviceName#.request-rule_call_0</Actions>
			<Actions class="StylePolicyAction">#serviceName#.request-rule_xform_23</Actions>
			<Actions class="StylePolicyAction">#serviceName#.request-rule_xform_1</Actions>
			<Actions class="StylePolicyAction">#serviceName#.request-rule_defaultaction_result</Actions>
		</WSStylePolicyRule>
		<StylePolicyAction name="#serviceName#.response-rule_xform_25" xmlns:env="http://www.w3.org/2003/05/soap-envelope" xmlns:dp="http://www.datapower.com/schemas/management">
			<mAdminState>enabled</mAdminState>
			<Type>xform</Type>
			<Input>INPUT</Input>
			<Transform>local:///commons/xsl/set_context_variables.xsl</Transform>
			<ParseSettingsReference>
				<URL/>
				<Literal/>
				<Default/>
			</ParseSettingsReference>
			<ParseMetricsResultType>none</ParseMetricsResultType>
			<TransformLanguage>none</TransformLanguage>
			<ActionDebug persisted="false">off</ActionDebug>
			<Output>NULL</Output>
			<NamedInOutLocationType>default</NamedInOutLocationType>
			<SSLClientConfigType>proxy</SSLClientConfigType>
			<OutputType>default</OutputType>
			<Transactional>off</Transactional>
			<SOAPValidation>body</SOAPValidation>
			<SQLSourceType>static</SQLSourceType>
			<JWSVerifyStripSignature>on</JWSVerifyStripSignature>
			<Asynchronous>off</Asynchronous>
			<ResultsMode>first-available</ResultsMode>
			<RetryCount>0</RetryCount>
			<RetryInterval>1000</RetryInterval>
			<MultipleOutputs>off</MultipleOutputs>
			<IteratorType>XPATH</IteratorType>
			<Timeout>0</Timeout>
			<MethodRewriteType>GET</MethodRewriteType>
			<MethodType>POST</MethodType>
			<MethodType2>POST</MethodType2>
		</StylePolicyAction>
		<StylePolicyAction name="#serviceName#.response-rule_xform_0" xmlns:env="http://www.w3.org/2003/05/soap-envelope" xmlns:dp="http://www.datapower.com/schemas/management">
			<mAdminState>enabled</mAdminState>
			<Type>xform</Type>
			<Input>INPUT</Input>
			<Transform>local:///commons/xsl/audit_backend_xml_msgs_dp.xsl</Transform>
			<ParseSettingsReference>
				<URL/>
				<Literal/>
				<Default/>
			</ParseSettingsReference>
			<ParseMetricsResultType>none</ParseMetricsResultType>
			<TransformLanguage>none</TransformLanguage>
			<ActionDebug persisted="false">off</ActionDebug>
			<Output>NULL</Output>
			<NamedInOutLocationType>default</NamedInOutLocationType>
			<SSLClientConfigType>proxy</SSLClientConfigType>
			<OutputType>default</OutputType>
			<Transactional>off</Transactional>
			<SOAPValidation>body</SOAPValidation>
			<SQLSourceType>static</SQLSourceType>
			<JWSVerifyStripSignature>on</JWSVerifyStripSignature>
			<Asynchronous>on</Asynchronous>
			<ResultsMode>first-available</ResultsMode>
			<RetryCount>0</RetryCount>
			<RetryInterval>1000</RetryInterval>
			<MultipleOutputs>off</MultipleOutputs>
			<IteratorType>XPATH</IteratorType>
			<Timeout>0</Timeout>
			<MethodRewriteType>GET</MethodRewriteType>
			<MethodType>POST</MethodType>
			<MethodType2>POST</MethodType2>
		</StylePolicyAction>
		<StylePolicyAction name="#serviceName#.response_xform_0" xmlns:env="http://www.w3.org/2003/05/soap-envelope" xmlns:dp="http://www.datapower.com/schemas/management">
			<mAdminState>enabled</mAdminState>
			<Type>xform</Type>
			<Input>INPUT</Input>
			<Transform>local:///services/#serviceName#/xsl/#serviceName#_response.xsl</Transform>
			<ParseSettingsReference>
				<URL/>
				<Literal/>
				<Default/>
			</ParseSettingsReference>
			<ParseMetricsResultType>none</ParseMetricsResultType>
			<TransformLanguage>none</TransformLanguage>
			<ActionDebug persisted="false">off</ActionDebug>
			<Output>OUTPUT</Output>
			<NamedInOutLocationType>default</NamedInOutLocationType>
			<SSLClientConfigType>proxy</SSLClientConfigType>
			<OutputType>default</OutputType>
			<Transactional>off</Transactional>
			<SOAPValidation>body</SOAPValidation>
			<SQLSourceType>static</SQLSourceType>
			<JWSVerifyStripSignature>on</JWSVerifyStripSignature>
			<Asynchronous>off</Asynchronous>
			<ResultsMode>first-available</ResultsMode>
			<RetryCount>0</RetryCount>
			<RetryInterval>1000</RetryInterval>
			<MultipleOutputs>off</MultipleOutputs>
			<IteratorType>XPATH</IteratorType>
			<Timeout>0</Timeout>
			<MethodRewriteType>GET</MethodRewriteType>
			<MethodType>POST</MethodType>
			<MethodType2>POST</MethodType2>
		</StylePolicyAction>
		<StylePolicyRule name="#serviceName#.response" xmlns:env="http://www.w3.org/2003/05/soap-envelope" xmlns:dp="http://www.datapower.com/schemas/management">
			<mAdminState>enabled</mAdminState>
			<Direction>response-rule</Direction>
			<InputFormat>none</InputFormat>
			<OutputFormat>none</OutputFormat>
			<NonXMLProcessing>off</NonXMLProcessing>
			<Unprocessed>off</Unprocessed>
			<Actions class="StylePolicyAction">#serviceName#.response_xform_0</Actions>
		</StylePolicyRule>
		<StylePolicyAction name="#serviceName#.response-rule_call_0" xmlns:env="http://www.w3.org/2003/05/soap-envelope" xmlns:dp="http://www.datapower.com/schemas/management">
			<mAdminState>enabled</mAdminState>
			<Type>call</Type>
			<Input>INPUT</Input>
			<ParseSettingsReference>
				<URL/>
				<Literal/>
				<Default/>
			</ParseSettingsReference>
			<ParseMetricsResultType>none</ParseMetricsResultType>
			<TransformLanguage>none</TransformLanguage>
			<ActionDebug persisted="false">off</ActionDebug>
			<Output>response.client</Output>
			<NamedInOutLocationType>default</NamedInOutLocationType>
			<SSLClientConfigType>proxy</SSLClientConfigType>
			<Rule>#serviceName#.response</Rule>
			<Transactional>off</Transactional>
			<SOAPValidation>body</SOAPValidation>
			<SQLSourceType>static</SQLSourceType>
			<JWSVerifyStripSignature>on</JWSVerifyStripSignature>
			<Asynchronous>off</Asynchronous>
			<ResultsMode>first-available</ResultsMode>
			<RetryCount>0</RetryCount>
			<RetryInterval>1000</RetryInterval>
			<MultipleOutputs>off</MultipleOutputs>
			<IteratorType>XPATH</IteratorType>
			<Timeout>0</Timeout>
			<MethodRewriteType>GET</MethodRewriteType>
			<MethodType>POST</MethodType>
			<MethodType2>POST</MethodType2>
		</StylePolicyAction>
		<StylePolicyAction name="#serviceName#.response-rule_xform_3" xmlns:env="http://www.w3.org/2003/05/soap-envelope" xmlns:dp="http://www.datapower.com/schemas/management">
			<mAdminState>enabled</mAdminState>
			<Type>xform</Type>
			<Input>response.client</Input>
			<Transform>local:///commons/xsl/soap_envelope.xsl</Transform>
			<ParseSettingsReference>
				<URL/>
				<Literal/>
				<Default/>
			</ParseSettingsReference>
			<ParseMetricsResultType>none</ParseMetricsResultType>
			<TransformLanguage>none</TransformLanguage>
			<ActionDebug persisted="false">off</ActionDebug>
			<Output>enveloped.response.client</Output>
			<NamedInOutLocationType>default</NamedInOutLocationType>
			<SSLClientConfigType>proxy</SSLClientConfigType>
			<OutputType>default</OutputType>
			<Transactional>off</Transactional>
			<SOAPValidation>body</SOAPValidation>
			<SQLSourceType>static</SQLSourceType>
			<JWSVerifyStripSignature>on</JWSVerifyStripSignature>
			<Asynchronous>off</Asynchronous>
			<ResultsMode>first-available</ResultsMode>
			<RetryCount>0</RetryCount>
			<RetryInterval>1000</RetryInterval>
			<MultipleOutputs>off</MultipleOutputs>
			<IteratorType>XPATH</IteratorType>
			<Timeout>0</Timeout>
			<MethodRewriteType>GET</MethodRewriteType>
			<MethodType>POST</MethodType>
			<MethodType2>POST</MethodType2>
		</StylePolicyAction>
		<StylePolicyAction name="#serviceName#.response-rule_validate_0" xmlns:env="http://www.w3.org/2003/05/soap-envelope" xmlns:dp="http://www.datapower.com/schemas/management">
			<mAdminState>enabled</mAdminState>
			<Type>validate</Type>
			<Input>enveloped.response.client</Input>
			<ParseSettingsReference>
				<URL/>
				<Literal/>
				<Default/>
			</ParseSettingsReference>
			<ParseMetricsResultType>none</ParseMetricsResultType>
			<TransformLanguage>none</TransformLanguage>
			<ActionDebug persisted="false">off</ActionDebug>
			<Output>enveloped.response.client</Output>
			<NamedInOutLocationType>default</NamedInOutLocationType>
			<WsdlURL>local:///services/#serviceName#/wsdl/#serviceName#.wsdl</WsdlURL>
			<SSLClientConfigType>proxy</SSLClientConfigType>
			<Transactional>off</Transactional>
			<SOAPValidation>body</SOAPValidation>
			<SQLSourceType>static</SQLSourceType>
			<JWSVerifyStripSignature>on</JWSVerifyStripSignature>
			<Asynchronous>off</Asynchronous>
			<ResultsMode>first-available</ResultsMode>
			<RetryCount>0</RetryCount>
			<RetryInterval>1000</RetryInterval>
			<MultipleOutputs>off</MultipleOutputs>
			<IteratorType>XPATH</IteratorType>
			<Timeout>0</Timeout>
			<MethodRewriteType>GET</MethodRewriteType>
			<MethodType>POST</MethodType>
			<MethodType2>POST</MethodType2>
		</StylePolicyAction>
		<StylePolicyAction name="#serviceName#.response-rule_xform_26" xmlns:env="http://www.w3.org/2003/05/soap-envelope" xmlns:dp="http://www.datapower.com/schemas/management">
			<mAdminState>enabled</mAdminState>
			<Type>xform</Type>
			<Input>NULL</Input>
			<Transform>local:///commons/xsl/set_context_variables.xsl</Transform>
			<ParseSettingsReference>
				<URL/>
				<Literal/>
				<Default/>
			</ParseSettingsReference>
			<ParseMetricsResultType>none</ParseMetricsResultType>
			<TransformLanguage>none</TransformLanguage>
			<ActionDebug persisted="false">off</ActionDebug>
			<Output>NULL</Output>
			<NamedInOutLocationType>default</NamedInOutLocationType>
			<SSLClientConfigType>proxy</SSLClientConfigType>
			<OutputType>default</OutputType>
			<Transactional>off</Transactional>
			<SOAPValidation>body</SOAPValidation>
			<SQLSourceType>static</SQLSourceType>
			<JWSVerifyStripSignature>on</JWSVerifyStripSignature>
			<Asynchronous>off</Asynchronous>
			<ResultsMode>first-available</ResultsMode>
			<RetryCount>0</RetryCount>
			<RetryInterval>1000</RetryInterval>
			<MultipleOutputs>off</MultipleOutputs>
			<IteratorType>XPATH</IteratorType>
			<Timeout>0</Timeout>
			<MethodRewriteType>GET</MethodRewriteType>
			<MethodType>POST</MethodType>
			<MethodType2>POST</MethodType2>
		</StylePolicyAction>
		<StylePolicyAction name="#serviceName#.response-rule_xform_6" xmlns:env="http://www.w3.org/2003/05/soap-envelope" xmlns:dp="http://www.datapower.com/schemas/management">
			<mAdminState>enabled</mAdminState>
			<Type>xform</Type>
			<Input>response.client</Input>
			<Transform>local:///commons/xsl/audit_client_msgs_dp.xsl</Transform>
			<ParseSettingsReference>
				<URL/>
				<Literal/>
				<Default/>
			</ParseSettingsReference>
			<ParseMetricsResultType>none</ParseMetricsResultType>
			<TransformLanguage>none</TransformLanguage>
			<ActionDebug persisted="false">off</ActionDebug>
			<Output>NULL</Output>
			<NamedInOutLocationType>default</NamedInOutLocationType>
			<SSLClientConfigType>proxy</SSLClientConfigType>
			<OutputType>default</OutputType>
			<Transactional>off</Transactional>
			<SOAPValidation>body</SOAPValidation>
			<SQLSourceType>static</SQLSourceType>
			<JWSVerifyStripSignature>on</JWSVerifyStripSignature>
			<Asynchronous>on</Asynchronous>
			<ResultsMode>first-available</ResultsMode>
			<RetryCount>0</RetryCount>
			<RetryInterval>1000</RetryInterval>
			<MultipleOutputs>off</MultipleOutputs>
			<IteratorType>XPATH</IteratorType>
			<Timeout>0</Timeout>
			<MethodRewriteType>GET</MethodRewriteType>
			<MethodType>POST</MethodType>
			<MethodType2>POST</MethodType2>
		</StylePolicyAction>
		<StylePolicyAction name="#serviceName#.response-rule_defaultaction_result" xmlns:env="http://www.w3.org/2003/05/soap-envelope" xmlns:dp="http://www.datapower.com/schemas/management">
			<mAdminState>enabled</mAdminState>
			<Type>results</Type>
			<Input>enveloped.response.client</Input>
			<ParseSettingsReference>
				<URL/>
				<Literal/>
				<Default/>
			</ParseSettingsReference>
			<ParseMetricsResultType>none</ParseMetricsResultType>
			<TransformLanguage>none</TransformLanguage>
			<ActionDebug persisted="false">off</ActionDebug>
			<Output>OUTPUT</Output>
			<NamedInOutLocationType>default</NamedInOutLocationType>
			<SSLClientConfigType>proxy</SSLClientConfigType>
			<OutputType>default</OutputType>
			<Transactional>off</Transactional>
			<SOAPValidation>body</SOAPValidation>
			<SQLSourceType>static</SQLSourceType>
			<JWSVerifyStripSignature>on</JWSVerifyStripSignature>
			<Asynchronous>off</Asynchronous>
			<ResultsMode>first-available</ResultsMode>
			<RetryCount>0</RetryCount>
			<RetryInterval>1000</RetryInterval>
			<MultipleOutputs>off</MultipleOutputs>
			<IteratorType>XPATH</IteratorType>
			<Timeout>0</Timeout>
			<MethodRewriteType>GET</MethodRewriteType>
			<MethodType>POST</MethodType>
			<MethodType2>POST</MethodType2>
		</StylePolicyAction>
		<WSStylePolicyRule name="#serviceName#.response-rule" xmlns:env="http://www.w3.org/2003/05/soap-envelope" xmlns:dp="http://www.datapower.com/schemas/management">
			<mAdminState>enabled</mAdminState>
			<Direction>response-rule</Direction>
			<InputFormat>none</InputFormat>
			<OutputFormat>none</OutputFormat>
			<NonXMLProcessing>off</NonXMLProcessing>
			<Unprocessed>off</Unprocessed>
			<Actions class="StylePolicyAction">#serviceName#.response-rule_xform_25</Actions>
			<Actions class="StylePolicyAction">#serviceName#.response-rule_xform_0</Actions>
			<Actions class="StylePolicyAction">#serviceName#.response-rule_call_0</Actions>
			<Actions class="StylePolicyAction">#serviceName#.response-rule_xform_3</Actions>
			<Actions class="StylePolicyAction">#serviceName#.response-rule_validate_0</Actions>
			<Actions class="StylePolicyAction">#serviceName#.response-rule_xform_26</Actions>
			<Actions class="StylePolicyAction">#serviceName#.response-rule_xform_6</Actions>
			<Actions class="StylePolicyAction">#serviceName#.response-rule_defaultaction_result</Actions>
		</WSStylePolicyRule>
		<StylePolicyAction name="#serviceName#.error-rule_xform_1" xmlns:env="http://www.w3.org/2003/05/soap-envelope" xmlns:dp="http://www.datapower.com/schemas/management">
			<mAdminState>enabled</mAdminState>
			<Type>xform</Type>
			<Input>NULL</Input>
			<Transform>local:///commons/xsl/build_soap_fault.xsl</Transform>
			<ParseSettingsReference>
				<URL/>
				<Literal/>
				<Default/>
			</ParseSettingsReference>
			<ParseMetricsResultType>none</ParseMetricsResultType>
			<TransformLanguage>none</TransformLanguage>
			<ActionDebug persisted="false">off</ActionDebug>
			<Output>response.client</Output>
			<NamedInOutLocationType>default</NamedInOutLocationType>
			<SSLClientConfigType>proxy</SSLClientConfigType>
			<OutputType>default</OutputType>
			<Transactional>off</Transactional>
			<SOAPValidation>body</SOAPValidation>
			<SQLSourceType>static</SQLSourceType>
			<JWSVerifyStripSignature>on</JWSVerifyStripSignature>
			<Asynchronous>off</Asynchronous>
			<ResultsMode>first-available</ResultsMode>
			<RetryCount>0</RetryCount>
			<RetryInterval>1000</RetryInterval>
			<MultipleOutputs>off</MultipleOutputs>
			<IteratorType>XPATH</IteratorType>
			<Timeout>0</Timeout>
			<MethodRewriteType>GET</MethodRewriteType>
			<MethodType>POST</MethodType>
			<MethodType2>POST</MethodType2>
		</StylePolicyAction>
		<StylePolicyAction name="#serviceName#.error-rule_xform_2" xmlns:env="http://www.w3.org/2003/05/soap-envelope" xmlns:dp="http://www.datapower.com/schemas/management">
			<mAdminState>enabled</mAdminState>
			<Type>xform</Type>
			<Input>response.client</Input>
			<Transform>local:///commons/xsl/soap_envelope.xsl</Transform>
			<ParseSettingsReference>
				<URL/>
				<Literal/>
				<Default/>
			</ParseSettingsReference>
			<ParseMetricsResultType>none</ParseMetricsResultType>
			<TransformLanguage>none</TransformLanguage>
			<ActionDebug persisted="false">off</ActionDebug>
			<Output>enveloped.response.client</Output>
			<NamedInOutLocationType>default</NamedInOutLocationType>
			<SSLClientConfigType>proxy</SSLClientConfigType>
			<OutputType>default</OutputType>
			<Transactional>off</Transactional>
			<SOAPValidation>body</SOAPValidation>
			<SQLSourceType>static</SQLSourceType>
			<JWSVerifyStripSignature>on</JWSVerifyStripSignature>
			<Asynchronous>off</Asynchronous>
			<ResultsMode>first-available</ResultsMode>
			<RetryCount>0</RetryCount>
			<RetryInterval>1000</RetryInterval>
			<MultipleOutputs>off</MultipleOutputs>
			<IteratorType>XPATH</IteratorType>
			<Timeout>0</Timeout>
			<MethodRewriteType>GET</MethodRewriteType>
			<MethodType>POST</MethodType>
			<MethodType2>POST</MethodType2>
		</StylePolicyAction>
		<StylePolicyAction name="#serviceName#.error-rule_validate_0" xmlns:env="http://www.w3.org/2003/05/soap-envelope" xmlns:dp="http://www.datapower.com/schemas/management">
			<mAdminState>enabled</mAdminState>
			<Type>validate</Type>
			<Input>enveloped.response.client</Input>
			<ParseSettingsReference>
				<URL/>
				<Literal/>
				<Default/>
			</ParseSettingsReference>
			<ParseMetricsResultType>none</ParseMetricsResultType>
			<TransformLanguage>none</TransformLanguage>
			<ActionDebug persisted="false">off</ActionDebug>
			<Output>enveloped.response.client</Output>
			<NamedInOutLocationType>default</NamedInOutLocationType>
			<WsdlURL>local:///services/#serviceName#/wsdl/#serviceName#.wsdl</WsdlURL>
			<SSLClientConfigType>proxy</SSLClientConfigType>
			<Transactional>off</Transactional>
			<SOAPValidation>body</SOAPValidation>
			<SQLSourceType>static</SQLSourceType>
			<JWSVerifyStripSignature>on</JWSVerifyStripSignature>
			<Asynchronous>off</Asynchronous>
			<ResultsMode>first-available</ResultsMode>
			<RetryCount>0</RetryCount>
			<RetryInterval>1000</RetryInterval>
			<MultipleOutputs>off</MultipleOutputs>
			<IteratorType>XPATH</IteratorType>
			<Timeout>0</Timeout>
			<MethodRewriteType>GET</MethodRewriteType>
			<MethodType>POST</MethodType>
			<MethodType2>POST</MethodType2>
		</StylePolicyAction>
		<StylePolicyAction name="#serviceName#.error-rule_xform_27" xmlns:env="http://www.w3.org/2003/05/soap-envelope" xmlns:dp="http://www.datapower.com/schemas/management">
			<mAdminState>enabled</mAdminState>
			<Type>xform</Type>
			<Input>response.client</Input>
			<Transform>local:///commons/xsl/set_context_variables.xsl</Transform>
			<ParseSettingsReference>
				<URL/>
				<Literal/>
				<Default/>
			</ParseSettingsReference>
			<ParseMetricsResultType>none</ParseMetricsResultType>
			<TransformLanguage>none</TransformLanguage>
			<ActionDebug persisted="false">off</ActionDebug>
			<Output>NULL</Output>
			<NamedInOutLocationType>default</NamedInOutLocationType>
			<SSLClientConfigType>proxy</SSLClientConfigType>
			<OutputType>default</OutputType>
			<Transactional>off</Transactional>
			<SOAPValidation>body</SOAPValidation>
			<SQLSourceType>static</SQLSourceType>
			<JWSVerifyStripSignature>on</JWSVerifyStripSignature>
			<Asynchronous>off</Asynchronous>
			<ResultsMode>first-available</ResultsMode>
			<RetryCount>0</RetryCount>
			<RetryInterval>1000</RetryInterval>
			<MultipleOutputs>off</MultipleOutputs>
			<IteratorType>XPATH</IteratorType>
			<Timeout>0</Timeout>
			<MethodRewriteType>GET</MethodRewriteType>
			<MethodType>POST</MethodType>
			<MethodType2>POST</MethodType2>
		</StylePolicyAction>
		<StylePolicyAction name="#serviceName#.error-rule_xform_4" xmlns:env="http://www.w3.org/2003/05/soap-envelope" xmlns:dp="http://www.datapower.com/schemas/management">
			<mAdminState>enabled</mAdminState>
			<Type>xform</Type>
			<Input>response.client</Input>
			<Transform>local:///commons/xsl/audit_client_msgs_dp.xsl</Transform>
			<ParseSettingsReference>
				<URL/>
				<Literal/>
				<Default/>
			</ParseSettingsReference>
			<ParseMetricsResultType>none</ParseMetricsResultType>
			<TransformLanguage>none</TransformLanguage>
			<ActionDebug persisted="false">off</ActionDebug>
			<Output>NULL</Output>
			<NamedInOutLocationType>default</NamedInOutLocationType>
			<SSLClientConfigType>proxy</SSLClientConfigType>
			<OutputType>default</OutputType>
			<Transactional>off</Transactional>
			<SOAPValidation>body</SOAPValidation>
			<SQLSourceType>static</SQLSourceType>
			<JWSVerifyStripSignature>on</JWSVerifyStripSignature>
			<Asynchronous>on</Asynchronous>
			<ResultsMode>first-available</ResultsMode>
			<RetryCount>0</RetryCount>
			<RetryInterval>1000</RetryInterval>
			<MultipleOutputs>off</MultipleOutputs>
			<IteratorType>XPATH</IteratorType>
			<Timeout>0</Timeout>
			<MethodRewriteType>GET</MethodRewriteType>
			<MethodType>POST</MethodType>
			<MethodType2>POST</MethodType2>
		</StylePolicyAction>
		<StylePolicyAction name="#serviceName#.error-rule_results_output_0" xmlns:env="http://www.w3.org/2003/05/soap-envelope" xmlns:dp="http://www.datapower.com/schemas/management">
			<mAdminState>enabled</mAdminState>
			<Type>results</Type>
			<Input>enveloped.response.client</Input>
			<ParseSettingsReference>
				<URL/>
				<Literal/>
				<Default/>
			</ParseSettingsReference>
			<ParseMetricsResultType>none</ParseMetricsResultType>
			<TransformLanguage>none</TransformLanguage>
			<ActionDebug persisted="false">off</ActionDebug>
			<NamedInOutLocationType>default</NamedInOutLocationType>
			<SSLClientConfigType>proxy</SSLClientConfigType>
			<OutputType>default</OutputType>
			<Transactional>off</Transactional>
			<SOAPValidation>body</SOAPValidation>
			<SQLSourceType>static</SQLSourceType>
			<JWSVerifyStripSignature>on</JWSVerifyStripSignature>
			<Asynchronous>off</Asynchronous>
			<ResultsMode>first-available</ResultsMode>
			<RetryCount>0</RetryCount>
			<RetryInterval>1000</RetryInterval>
			<MultipleOutputs>off</MultipleOutputs>
			<IteratorType>XPATH</IteratorType>
			<Timeout>0</Timeout>
			<MethodRewriteType>GET</MethodRewriteType>
			<MethodType>POST</MethodType>
			<MethodType2>POST</MethodType2>
		</StylePolicyAction>
		<WSStylePolicyRule name="#serviceName#.error-rule" xmlns:env="http://www.w3.org/2003/05/soap-envelope" xmlns:dp="http://www.datapower.com/schemas/management">
			<mAdminState>enabled</mAdminState>
			<Direction>error-rule</Direction>
			<InputFormat>none</InputFormat>
			<OutputFormat>none</OutputFormat>
			<NonXMLProcessing>off</NonXMLProcessing>
			<Unprocessed>off</Unprocessed>
			<Actions class="StylePolicyAction">#serviceName#.error-rule_xform_1</Actions>
			<Actions class="StylePolicyAction">#serviceName#.error-rule_xform_2</Actions>
			<Actions class="StylePolicyAction">#serviceName#.error-rule_validate_0</Actions>
			<Actions class="StylePolicyAction">#serviceName#.error-rule_xform_27</Actions>
			<Actions class="StylePolicyAction">#serviceName#.error-rule_xform_4</Actions>
			<Actions class="StylePolicyAction">#serviceName#.error-rule_results_output_0</Actions>
		</WSStylePolicyRule>
		<WSStylePolicy name="#serviceName#" xmlns:env="http://www.w3.org/2003/05/soap-envelope" xmlns:dp="http://www.datapower.com/schemas/management">
			<mAdminState>enabled</mAdminState>
			<DefStylesheetForSoap>store:///filter-reject-all.xsl</DefStylesheetForSoap>
			<DefStylesheetForXsl>store:///identity.xsl</DefStylesheetForXsl>
			<PolicyMaps>
				<WSDLComponentType>fragmentid</WSDLComponentType>
				<WSDLComponentValue/>
				<Match class="Matching">__default-accept-service-providers__</Match>
				<Rule class="WSStylePolicyRule">#serviceName#.request-rule</Rule>
				<Subscription/>
				<WSDLFragmentID>http://www.datapower.com/fragment-id#dp.all()</WSDLFragmentID>
			</PolicyMaps>
			<PolicyMaps>
				<WSDLComponentType>fragmentid</WSDLComponentType>
				<WSDLComponentValue/>
				<Match class="Matching">__default-accept-service-providers__</Match>
				<Rule class="WSStylePolicyRule">#serviceName#.response-rule</Rule>
				<Subscription/>
				<WSDLFragmentID>http://www.datapower.com/fragment-id#dp.all()</WSDLFragmentID>
			</PolicyMaps>
			<PolicyMaps>
				<WSDLComponentType>fragmentid</WSDLComponentType>
				<WSDLComponentValue/>
				<Match class="Matching">__default-accept-service-providers__</Match>
				<Rule class="WSStylePolicyRule">#serviceName#.error-rule</Rule>
				<Subscription/>
				<WSDLFragmentID>http://www.datapower.com/fragment-id#dp.all()</WSDLFragmentID>
			</PolicyMaps>
		</WSStylePolicy>
		<WSGateway name="#serviceName#" xmlns:env="http://www.w3.org/2003/05/soap-envelope" xmlns:dp="http://www.datapower.com/schemas/management">
			<mAdminState>enabled</mAdminState>
			<Priority>normal</Priority>
			<XMLManager class="XMLManager">#serviceName#</XMLManager>
			<SSLClientConfigType>client</SSLClientConfigType>
			<SSLClient class="SSLClientProfile">#sslClientProfile#</SSLClient>
			<HeaderInjection>
				<Direction>back</Direction>
				<HeaderTag>MQMD</HeaderTag>
				<HeaderTagValue>&lt;MQMD&gt;&lt;Format&gt;MQSTR&lt;/Format&gt;&lt;Expiry&gt;100&lt;/Expiry&gt;&lt;/MQMD&gt;</HeaderTagValue>
			</HeaderInjection>
			<StylesheetParameters>
				<ParameterName>X-audit-fs</ParameterName>
				<ParameterValue>false</ParameterValue>
			</StylesheetParameters>
			<StylesheetParameters>
				<ParameterName>X-audit-mq</ParameterName>
				<ParameterValue>false</ParameterValue>
			</StylesheetParameters>
			<StylesheetParameters>
				<ParameterName>log_level</ParameterName>
				<ParameterValue>audit</ParameterValue>
			</StylesheetParameters>
			<DefaultParamNamespace>http://www.datapower.com/param/config</DefaultParamNamespace>
			<QueryParamNamespace>http://www.datapower.com/param/query</QueryParamNamespace>
			<PropagateURI>off</PropagateURI>
			<MonitorProcessingPolicy>terminate-at-first-throttle</MonitorProcessingPolicy>
			<RequestAttachments>strip</RequestAttachments>
			<ResponseAttachments>strip</ResponseAttachments>
			<RequestAttachmentsFlowControl>off</RequestAttachmentsFlowControl>
			<ResponseAttachmentsFlowControl>off</ResponseAttachmentsFlowControl>
			<RootPartNotFirstAction>process-in-order</RootPartNotFirstAction>
			<FrontAttachmentFormat>dynamic</FrontAttachmentFormat>
			<BackAttachmentFormat>dynamic</BackAttachmentFormat>
			<MIMEFrontHeaders>on</MIMEFrontHeaders>
			<MIMEBackHeaders>on</MIMEBackHeaders>
			<StreamOutputToBack>buffer-until-verification</StreamOutputToBack>
			<StreamOutputToFront>buffer-until-verification</StreamOutputToFront>
			<MaxMessageSize>0</MaxMessageSize>
			<GatewayParserLimits>off</GatewayParserLimits>
			<ParserLimitsElementDepth>512</ParserLimitsElementDepth>
			<ParserLimitsAttributeCount>128</ParserLimitsAttributeCount>
			<ParserLimitsMaxNodeSize>33554432</ParserLimitsMaxNodeSize>
			<ParserLimitsForbidExternalReferences>on</ParserLimitsForbidExternalReferences>
			<ParserLimitsExternalReferences>forbid</ParserLimitsExternalReferences>
			<ParserLimitsMaxPrefixes>1024</ParserLimitsMaxPrefixes>
			<ParserLimitsMaxNamespaces>1024</ParserLimitsMaxNamespaces>
			<ParserLimitsMaxLocalNames>60000</ParserLimitsMaxLocalNames>
			<ParserLimitsAttachmentByteCount>2000000000</ParserLimitsAttachmentByteCount>
			<ParserLimitsAttachmentPackageByteCount>0</ParserLimitsAttachmentPackageByteCount>
			<DebugMode persisted="false">off</DebugMode>
			<DebuggerType>internal</DebuggerType>
			<DebugHistory>25</DebugHistory>
			<FlowControl>off</FlowControl>
			<SOAPSchemaURL>store:///schemas/soap-envelope.xsd</SOAPSchemaURL>
			<FrontTimeout>10</FrontTimeout>
			<BackTimeout>10</BackTimeout>
			<FrontPersistentTimeout>180</FrontPersistentTimeout>
			<BackPersistentTimeout>180</BackPersistentTimeout>
			<IncludeResponseTypeEncoding>off</IncludeResponseTypeEncoding>
			<BackHTTPVersion>HTTP/1.1</BackHTTPVersion>
			<PersistentConnections>on</PersistentConnections>
			<LoopDetection>off</LoopDetection>
			<DoHostRewriting>on</DoHostRewriting>
			<DoChunkedUpload>off</DoChunkedUpload>
			<ProcessHTTPErrors>on</ProcessHTTPErrors>
			<HTTPClientIPLabel>X-Client-IP</HTTPClientIPLabel>
			<HTTPLogCorIDLabel>X-Global-Transaction-ID</HTTPLogCorIDLabel>
			<InOrderMode>
				<Request>off</Request>
				<Backend>off</Backend>
				<Response>off</Response>
			</InOrderMode>
			<WSAMode>sync2sync</WSAMode>
			<WSARequireAAA>on</WSARequireAAA>
			<WSAStrip>on</WSAStrip>
			<WSADefaultReplyTo>http://schemas.xmlsoap.org/ws/2004/08/addressing/role/anonymous</WSADefaultReplyTo>
			<WSADefaultFaultTo>http://schemas.xmlsoap.org/ws/2004/08/addressing/role/anonymous</WSADefaultFaultTo>
			<WSAForce>off</WSAForce>
			<WSAGenStyle>sync</WSAGenStyle>
			<WSAHTTPAsyncResponseCode>204</WSAHTTPAsyncResponseCode>
			<WSATimeout>120</WSATimeout>
			<WSRMEnabled>off</WSRMEnabled>
			<WSRMSequenceExpiration>3600</WSRMSequenceExpiration>
			<WSRMDestinationAcceptCreateSequence>on</WSRMDestinationAcceptCreateSequence>
			<WSRMDestinationMaximumSequences>400</WSRMDestinationMaximumSequences>
			<WSRMDestinationInOrder>off</WSRMDestinationInOrder>
			<WSRMDestinationMaximumInOrderQueueLength>10</WSRMDestinationMaximumInOrderQueueLength>
			<WSRMDestinationAcceptOffers>off</WSRMDestinationAcceptOffers>
			<WSRMFrontForce>off</WSRMFrontForce>
			<WSRMBackForce>off</WSRMBackForce>
			<WSRMBackCreateSequence>off</WSRMBackCreateSequence>
			<WSRMFrontCreateSequence>off</WSRMFrontCreateSequence>
			<WSRMSourceMakeOffer>off</WSRMSourceMakeOffer>
			<WSRMUsesSequenceSSL>off</WSRMUsesSequenceSSL>
			<WSRMSourceMaximumSequences>400</WSRMSourceMaximumSequences>
			<WSRMSourceRetransmissionInterval>10</WSRMSourceRetransmissionInterval>
			<WSRMSourceExponentialBackoff>on</WSRMSourceExponentialBackoff>
			<WSRMSourceMaximumRetransmissions>4</WSRMSourceMaximumRetransmissions>
			<WSRMSourceMaximumQueueLength>30</WSRMSourceMaximumQueueLength>
			<WSRMSourceRequestAckCount>1</WSRMSourceRequestAckCount>
			<WSRMSourceInactivityClose>360</WSRMSourceInactivityClose>
			<ForcePolicyExec>off</ForcePolicyExec>
			<RewriteErrors>on</RewriteErrors>
			<DelayErrors>on</DelayErrors>
			<DelayErrorsDuration>3000</DelayErrorsDuration>
			<RequestType>soap</RequestType>
			<ResponseType>soap</ResponseType>
			<FollowRedirects>on</FollowRedirects>
			<AllowCompression>off</AllowCompression>
			<AllowCacheControlHeader>off</AllowCacheControlHeader>
			<Type>static-from-wsdl</Type>
			<AutoCreateSources>off</AutoCreateSources>
			<SSLServerConfigType>proxy</SSLServerConfigType>
			<EndpointRewritePolicy class="WSEndpointRewritePolicy">#serviceName#</EndpointRewritePolicy>
			<StylePolicy class="WSStylePolicy">#serviceName#</StylePolicy>
			<RemoteFetchRetry>
				<AutomaticRetry>off</AutomaticRetry>
				<RetryInterval>1</RetryInterval>
				<ReportingInterval>1</ReportingInterval>
				<TotalRetries>1</TotalRetries>
			</RemoteFetchRetry>
			<BaseWSDL>
				<WSDLSourceLocation>local:///services/#serviceName#/wsdl/#serviceName#.wsdl</WSDLSourceLocation>
				<WSDLName>#serviceName#.wsdl</WSDLName>
				<PolicyAttachments/>
			</BaseWSDL>
			<UserToggles>
				<WSDLName/>
				<ServiceName/>
				<ServicePortName/>
				<PortTypeName/>
				<BindingName/>
				<OperationName/>
				<Toggles>
					<Enable>on</Enable>
					<Publish>off</Publish>
					<VerifyFaults>on</VerifyFaults>
					<VerifyHeaders>off</VerifyHeaders>
					<NoRequestValidation>off</NoRequestValidation>
					<NoResponseValidation>on</NoResponseValidation>
					<SuppressFaultsElementsForRPCWrappers>off</SuppressFaultsElementsForRPCWrappers>
					<NoWSA>off</NoWSA>
					<NoWSRM>off</NoWSRM>
					<AllowXOPInclude>on</AllowXOPInclude>
				</Toggles>
				<Subscription/>
				<UseFragmentID>on</UseFragmentID>
				<FragmentID>#namespace##dp.wsdlName(#serviceName#.wsdl)</FragmentID>
			</UserToggles>
			<EncryptedKeySHA1CacheLifeTime>0</EncryptedKeySHA1CacheLifeTime>
			<PreserveKeyChain>off</PreserveKeyChain>
			<DecryptWithKeyFromED>off</DecryptWithKeyFromED>
			<SOAPActionPolicy>lax</SOAPActionPolicy>
			<WSMAgentMonitor>on</WSMAgentMonitor>
			<WSMAgentMonitorPCM>all-messages</WSMAgentMonitorPCM>
			<ProcessRespRulesOnOneWayMEP>off</ProcessRespRulesOnOneWayMEP>
		</WSGateway>
	</configuration>
	<files/>
</datapower-configuration>